name,gender,origin,meaning,popularity_rank,source
Emma,girl,,,1,SSA baby names mirror 2008
Jacob,boy,,,1,SSA baby names mirror 2008
Isabella,girl,,,2,SSA baby names mirror 2008
Michael,boy,,,2,SSA baby names mirror 2008
Emily,girl,,,3,SSA baby names mirror 2008
Ethan,boy,,,3,SSA baby names mirror 2008
Madison,girl,,,4,SSA baby names mirror 2008
Joshua,boy,,,4,SSA baby names mirror 2008
Ava,girl,,,5,SSA baby names mirror 2008
Daniel,boy,,,5,SSA baby names mirror 2008
Olivia,girl,,,6,SSA baby names mirror 2008
Alexander,boy,,,6,SSA baby names mirror 2008
Sophia,girl,,,7,SSA baby names mirror 2008
Anthony,boy,,,7,SSA baby names mirror 2008
Abigail,girl,,,8,SSA baby names mirror 2008
William,boy,,,8,SSA baby names mirror 2008
Elizabeth,girl,,,9,SSA baby names mirror 2008
Christopher,boy,,,9,SSA baby names mirror 2008
Chloe,girl,,,10,SSA baby names mirror 2008
Matthew,boy,,,10,SSA baby names mirror 2008
Samantha,girl,,,11,SSA baby names mirror 2008
Jayden,boy,,,11,SSA baby names mirror 2008
Addison,girl,,,12,SSA baby names mirror 2008
Andrew,boy,,,12,SSA baby names mirror 2008
Natalie,girl,,,13,SSA baby names mirror 2008
Joseph,boy,,,13,SSA baby names mirror 2008
Mia,girl,,,14,SSA baby names mirror 2008
David,boy,,,14,SSA baby names mirror 2008
Alexis,girl,,,15,SSA baby names mirror 2008
Noah,boy,,,15,SSA baby names mirror 2008
Alyssa,girl,,,16,SSA baby names mirror 2008
Aiden,boy,,,16,SSA baby names mirror 2008
Hannah,girl,,,17,SSA baby names mirror 2008
James,boy,,,17,SSA baby names mirror 2008
Ashley,girl,,,18,SSA baby names mirror 2008
Ryan,boy,,,18,SSA baby names mirror 2008
Ella,girl,,,19,SSA baby names mirror 2008
Logan,boy,,,19,SSA baby names mirror 2008
Sarah,girl,,,20,SSA baby names mirror 2008
John,boy,,,20,SSA baby names mirror 2008
Grace,girl,,,21,SSA baby names mirror 2008
Nathan,boy,,,21,SSA baby names mirror 2008
Taylor,girl,,,22,SSA baby names mirror 2008
Elijah,boy,,,22,SSA baby names mirror 2008
Brianna,girl,,,23,SSA baby names mirror 2008
Christian,boy,,,23,SSA baby names mirror 2008
Lily,girl,,,24,SSA baby names mirror 2008
Gabriel,boy,,,24,SSA baby names mirror 2008
Hailey,girl,,,25,SSA baby names mirror 2008
Benjamin,boy,,,25,SSA baby names mirror 2008
Anna,girl,,,26,SSA baby names mirror 2008
Jonathan,boy,,,26,SSA baby names mirror 2008
Victoria,girl,,,27,SSA baby names mirror 2008
Tyler,boy,,,27,SSA baby names mirror 2008
Kayla,girl,,,28,SSA baby names mirror 2008
Samuel,boy,,,28,SSA baby names mirror 2008
Lillian,girl,,,29,SSA baby names mirror 2008
Nicholas,boy,,,29,SSA baby names mirror 2008
Lauren,girl,,,30,SSA baby names mirror 2008
Gavin,boy,,,30,SSA baby names mirror 2008
Kaylee,girl,,,31,SSA baby names mirror 2008
Dylan,boy,,,31,SSA baby names mirror 2008
Allison,girl,,,32,SSA baby names mirror 2008
Jackson,boy,,,32,SSA baby names mirror 2008
Savannah,girl,,,33,SSA baby names mirror 2008
Brandon,boy,,,33,SSA baby names mirror 2008
Nevaeh,girl,,,34,SSA baby names mirror 2008
Caleb,boy,,,34,SSA baby names mirror 2008
Gabriella,girl,,,35,SSA baby names mirror 2008
Mason,boy,,,35,SSA baby names mirror 2008
Sofia,girl,,,36,SSA baby names mirror 2008
Angel,boy,,,36,SSA baby names mirror 2008
Makayla,girl,,,37,SSA baby names mirror 2008
Isaac,boy,,,37,SSA baby names mirror 2008
Avery,girl,,,38,SSA baby names mirror 2008
Evan,boy,,,38,SSA baby names mirror 2008
Riley,girl,,,39,SSA baby names mirror 2008
Jack,boy,,,39,SSA baby names mirror 2008
Julia,girl,,,40,SSA baby names mirror 2008
Kevin,boy,,,40,SSA baby names mirror 2008
Leah,girl,,,41,SSA baby names mirror 2008
Jose,boy,,,41,SSA baby names mirror 2008
Aubrey,girl,,,42,SSA baby names mirror 2008
Isaiah,boy,,,42,SSA baby names mirror 2008
Jasmine,girl,,,43,SSA baby names mirror 2008
Luke,boy,,,43,SSA baby names mirror 2008
Audrey,girl,,,44,SSA baby names mirror 2008
Landon,boy,,,44,SSA baby names mirror 2008
Katherine,girl,,,45,SSA baby names mirror 2008
Justin,boy,,,45,SSA baby names mirror 2008
Morgan,girl,,,46,SSA baby names mirror 2008
Lucas,boy,,,46,SSA baby names mirror 2008
Brooklyn,girl,,,47,SSA baby names mirror 2008
Zachary,boy,,,47,SSA baby names mirror 2008
Destiny,girl,,,48,SSA baby names mirror 2008
Jordan,boy,,,48,SSA baby names mirror 2008
Sydney,girl,,,49,SSA baby names mirror 2008
Robert,boy,,,49,SSA baby names mirror 2008
Alexa,girl,,,50,SSA baby names mirror 2008
Aaron,boy,,,50,SSA baby names mirror 2008
Kylie,girl,,,51,SSA baby names mirror 2008
Brayden,boy,,,51,SSA baby names mirror 2008
Brooke,girl,,,52,SSA baby names mirror 2008
Thomas,boy,,,52,SSA baby names mirror 2008
Kaitlyn,girl,,,53,SSA baby names mirror 2008
Cameron,boy,,,53,SSA baby names mirror 2008
Evelyn,girl,,,54,SSA baby names mirror 2008
Hunter,boy,,,54,SSA baby names mirror 2008
Layla,girl,,,55,SSA baby names mirror 2008
Austin,boy,,,55,SSA baby names mirror 2008
Madeline,girl,,,56,SSA baby names mirror 2008
Adrian,boy,,,56,SSA baby names mirror 2008
Kimberly,girl,,,57,SSA baby names mirror 2008
Connor,boy,,,57,SSA baby names mirror 2008
Zoe,girl,,,58,SSA baby names mirror 2008
Owen,boy,,,58,SSA baby names mirror 2008
Jessica,girl,,,59,SSA baby names mirror 2008
Aidan,boy,,,59,SSA baby names mirror 2008
Peyton,girl,,,60,SSA baby names mirror 2008
Jason,boy,,,60,SSA baby names mirror 2008
Alexandra,girl,,,61,SSA baby names mirror 2008
Julian,boy,,,61,SSA baby names mirror 2008
Claire,girl,,,62,SSA baby names mirror 2008
Wyatt,boy,,,62,SSA baby names mirror 2008
Madelyn,girl,,,63,SSA baby names mirror 2008
Charles,boy,,,63,SSA baby names mirror 2008
Maria,girl,,,64,SSA baby names mirror 2008
Luis,boy,,,64,SSA baby names mirror 2008
Mackenzie,girl,,,65,SSA baby names mirror 2008
Carter,boy,,,65,SSA baby names mirror 2008
Arianna,girl,,,66,SSA baby names mirror 2008
Juan,boy,,,66,SSA baby names mirror 2008
Jocelyn,girl,,,67,SSA baby names mirror 2008
Chase,boy,,,67,SSA baby names mirror 2008
Amelia,girl,,,68,SSA baby names mirror 2008
Diego,boy,,,68,SSA baby names mirror 2008
Angelina,girl,,,69,SSA baby names mirror 2008
Jeremiah,boy,,,69,SSA baby names mirror 2008
Trinity,girl,,,70,SSA baby names mirror 2008
Brody,boy,,,70,SSA baby names mirror 2008
Andrea,girl,,,71,SSA baby names mirror 2008
Xavier,boy,,,71,SSA baby names mirror 2008
Maya,girl,,,72,SSA baby names mirror 2008
Adam,boy,,,72,SSA baby names mirror 2008
Valeria,girl,,,73,SSA baby names mirror 2008
Carlos,boy,,,73,SSA baby names mirror 2008
Sophie,girl,,,74,SSA baby names mirror 2008
Sebastian,boy,,,74,SSA baby names mirror 2008
Rachel,girl,,,75,SSA baby names mirror 2008
Liam,boy,,,75,SSA baby names mirror 2008
Vanessa,girl,,,76,SSA baby names mirror 2008
Hayden,boy,,,76,SSA baby names mirror 2008
Aaliyah,girl,,,77,SSA baby names mirror 2008
Nathaniel,boy,,,77,SSA baby names mirror 2008
Mariah,girl,,,78,SSA baby names mirror 2008
Henry,boy,,,78,SSA baby names mirror 2008
Gabrielle,girl,,,79,SSA baby names mirror 2008
Jesus,boy,,,79,SSA baby names mirror 2008
Katelyn,girl,,,80,SSA baby names mirror 2008
Ian,boy,,,80,SSA baby names mirror 2008
Ariana,girl,,,81,SSA baby names mirror 2008
Tristan,boy,,,81,SSA baby names mirror 2008
Bailey,girl,,,82,SSA baby names mirror 2008
Bryan,boy,,,82,SSA baby names mirror 2008
Camila,girl,,,83,SSA baby names mirror 2008
Sean,boy,,,83,SSA baby names mirror 2008
Jennifer,girl,,,84,SSA baby names mirror 2008
Cole,boy,,,84,SSA baby names mirror 2008
Melanie,girl,,,85,SSA baby names mirror 2008
Alex,boy,,,85,SSA baby names mirror 2008
Gianna,girl,,,86,SSA baby names mirror 2008
Eric,boy,,,86,SSA baby names mirror 2008
Charlotte,girl,,,87,SSA baby names mirror 2008
Brian,boy,,,87,SSA baby names mirror 2008
Paige,girl,,,88,SSA baby names mirror 2008
Jaden,boy,,,88,SSA baby names mirror 2008
Autumn,girl,,,89,SSA baby names mirror 2008
Carson,boy,,,89,SSA baby names mirror 2008
Payton,girl,,,90,SSA baby names mirror 2008
Blake,boy,,,90,SSA baby names mirror 2008
Faith,girl,,,91,SSA baby names mirror 2008
Ayden,boy,,,91,SSA baby names mirror 2008
Sara,girl,,,92,SSA baby names mirror 2008
Cooper,boy,,,92,SSA baby names mirror 2008
Isabelle,girl,,,93,SSA baby names mirror 2008
Dominic,boy,,,93,SSA baby names mirror 2008
Caroline,girl,,,94,SSA baby names mirror 2008
Brady,boy,,,94,SSA baby names mirror 2008
Genesis,girl,,,95,SSA baby names mirror 2008
Caden,boy,,,95,SSA baby names mirror 2008
Isabel,girl,,,96,SSA baby names mirror 2008
Josiah,boy,,,96,SSA baby names mirror 2008
Mary,girl,,,97,SSA baby names mirror 2008
Kyle,boy,,,97,SSA baby names mirror 2008
Zoey,girl,,,98,SSA baby names mirror 2008
Colton,boy,,,98,SSA baby names mirror 2008
Gracie,girl,,,99,SSA baby names mirror 2008
Kaden,boy,,,99,SSA baby names mirror 2008
Megan,girl,,,100,SSA baby names mirror 2008
Eli,boy,,,100,SSA baby names mirror 2008
Haley,girl,,,101,SSA baby names mirror 2008
Miguel,boy,,,101,SSA baby names mirror 2008
Mya,girl,,,102,SSA baby names mirror 2008
Antonio,boy,,,102,SSA baby names mirror 2008
Michelle,girl,,,103,SSA baby names mirror 2008
Parker,boy,,,103,SSA baby names mirror 2008
Molly,girl,,,104,SSA baby names mirror 2008
Steven,boy,,,104,SSA baby names mirror 2008
Stephanie,girl,,,105,SSA baby names mirror 2008
Alejandro,boy,,,105,SSA baby names mirror 2008
Nicole,girl,,,106,SSA baby names mirror 2008
Richard,boy,,,107,SSA baby names mirror 2008
Jenna,girl,,,107,SSA baby names mirror 2008
Timothy,boy,,,108,SSA baby names mirror 2008
Natalia,girl,,,108,SSA baby names mirror 2008
Devin,boy,,,109,SSA baby names mirror 2008
Sadie,girl,,,109,SSA baby names mirror 2008
Jesse,boy,,,110,SSA baby names mirror 2008
Jada,girl,,,110,SSA baby names mirror 2008
Victor,boy,,,111,SSA baby names mirror 2008
Serenity,girl,,,111,SSA baby names mirror 2008
Jake,boy,,,112,SSA baby names mirror 2008
Lucy,girl,,,112,SSA baby names mirror 2008
Joel,boy,,,113,SSA baby names mirror 2008
Ruby,girl,,,113,SSA baby names mirror 2008
Colin,boy,,,114,SSA baby names mirror 2008
Eva,girl,,,114,SSA baby names mirror 2008
Kaleb,boy,,,115,SSA baby names mirror 2008
Kennedy,girl,,,115,SSA baby names mirror 2008
Bryce,boy,,,116,SSA baby names mirror 2008
Rylee,girl,,,116,SSA baby names mirror 2008
Levi,boy,,,117,SSA baby names mirror 2008
Jayla,girl,,,117,SSA baby names mirror 2008
Oliver,boy,,,118,SSA baby names mirror 2008
Naomi,girl,,,118,SSA baby names mirror 2008
Oscar,boy,,,119,SSA baby names mirror 2008
Rebecca,girl,,,119,SSA baby names mirror 2008
Vincent,boy,,,120,SSA baby names mirror 2008
Lydia,girl,,,120,SSA baby names mirror 2008
Ashton,boy,,,121,SSA baby names mirror 2008
Daniela,girl,,,121,SSA baby names mirror 2008
Cody,boy,,,122,SSA baby names mirror 2008
Bella,girl,,,122,SSA baby names mirror 2008
Micah,boy,,,123,SSA baby names mirror 2008
Keira,girl,,,123,SSA baby names mirror 2008
Preston,boy,,,124,SSA baby names mirror 2008
Adriana,girl,,,124,SSA baby names mirror 2008
Marcus,boy,,,125,SSA baby names mirror 2008
Lilly,girl,,,125,SSA baby names mirror 2008
Max,boy,,,126,SSA baby names mirror 2008
Miley,girl,,,127,SSA baby names mirror 2008
Patrick,boy,,,127,SSA baby names mirror 2008
Katie,girl,,,128,SSA baby names mirror 2008
Seth,boy,,,128,SSA baby names mirror 2008
Jade,girl,,,129,SSA baby names mirror 2008
Jeremy,boy,,,129,SSA baby names mirror 2008
Gabriela,girl,,,131,SSA baby names mirror 2008
Nolan,boy,,,131,SSA baby names mirror 2008
Amy,girl,,,132,SSA baby names mirror 2008
Ivan,boy,,,132,SSA baby names mirror 2008
Angela,girl,,,133,SSA baby names mirror 2008
Damian,boy,,,133,SSA baby names mirror 2008
Melissa,girl,,,134,SSA baby names mirror 2008
Maxwell,boy,,,134,SSA baby names mirror 2008
Valerie,girl,,,135,SSA baby names mirror 2008
Alan,boy,,,135,SSA baby names mirror 2008
Giselle,girl,,,136,SSA baby names mirror 2008
Kenneth,boy,,,136,SSA baby names mirror 2008
Diana,girl,,,137,SSA baby names mirror 2008
Jonah,boy,,,137,SSA baby names mirror 2008
Amanda,girl,,,138,SSA baby names mirror 2008
Jorge,boy,,,138,SSA baby names mirror 2008
Kate,girl,,,139,SSA baby names mirror 2008
Mark,boy,,,139,SSA baby names mirror 2008
Laila,girl,,,140,SSA baby names mirror 2008
Giovanni,boy,,,140,SSA baby names mirror 2008
Reagan,girl,,,141,SSA baby names mirror 2008
Eduardo,boy,,,141,SSA baby names mirror 2008
Jordyn,girl,,,142,SSA baby names mirror 2008
Grant,boy,,,142,SSA baby names mirror 2008
Kylee,girl,,,143,SSA baby names mirror 2008
Collin,boy,,,143,SSA baby names mirror 2008
Danielle,girl,,,144,SSA baby names mirror 2008
Gage,boy,,,144,SSA baby names mirror 2008
Briana,girl,,,145,SSA baby names mirror 2008
Omar,boy,,,145,SSA baby names mirror 2008
Marley,girl,,,146,SSA baby names mirror 2008
Emmanuel,boy,,,146,SSA baby names mirror 2008
Leslie,girl,,,147,SSA baby names mirror 2008
Trevor,boy,,,147,SSA baby names mirror 2008
Kendall,girl,,,148,SSA baby names mirror 2008
Edward,boy,,,148,SSA baby names mirror 2008
Catherine,girl,,,149,SSA baby names mirror 2008
Ricardo,boy,,,149,SSA baby names mirror 2008
Liliana,girl,,,150,SSA baby names mirror 2008
Cristian,boy,,,150,SSA baby names mirror 2008
Mckenzie,girl,,,151,SSA baby names mirror 2008
Nicolas,boy,,,151,SSA baby names mirror 2008
Jacqueline,girl,,,152,SSA baby names mirror 2008
Kayden,boy,,,152,SSA baby names mirror 2008
Ashlyn,girl,,,153,SSA baby names mirror 2008
George,boy,,,153,SSA baby names mirror 2008
Reese,girl,,,154,SSA baby names mirror 2008
Jaxon,boy,,,154,SSA baby names mirror 2008
Marissa,girl,,,155,SSA baby names mirror 2008
Paul,boy,,,155,SSA baby names mirror 2008
London,girl,,,156,SSA baby names mirror 2008
Braden,boy,,,156,SSA baby names mirror 2008
Juliana,girl,,,157,SSA baby names mirror 2008
Elias,boy,,,157,SSA baby names mirror 2008
Shelby,girl,,,158,SSA baby names mirror 2008
Andres,boy,,,158,SSA baby names mirror 2008
Cheyenne,girl,,,159,SSA baby names mirror 2008
Derek,boy,,,159,SSA baby names mirror 2008
Daisy,girl,,,161,SSA baby names mirror 2008
Garrett,boy,,,160,SSA baby names mirror 2008
Makenzie,girl,,,162,SSA baby names mirror 2008
Tanner,boy,,,161,SSA baby names mirror 2008
Miranda,girl,,,163,SSA baby names mirror 2008
Malachi,boy,,,162,SSA baby names mirror 2008
Erin,girl,,,164,SSA baby names mirror 2008
Conner,boy,,,163,SSA baby names mirror 2008
Amber,girl,,,165,SSA baby names mirror 2008
Fernando,boy,,,164,SSA baby names mirror 2008
Alana,girl,,,166,SSA baby names mirror 2008
Cesar,boy,,,165,SSA baby names mirror 2008
Ellie,girl,,,167,SSA baby names mirror 2008
Javier,boy,,,166,SSA baby names mirror 2008
Breanna,girl,,,168,SSA baby names mirror 2008
Miles,boy,,,167,SSA baby names mirror 2008
Ana,girl,,,169,SSA baby names mirror 2008
Jaiden,boy,,,168,SSA baby names mirror 2008
Mikayla,girl,,,170,SSA baby names mirror 2008
Leonardo,boy,,,170,SSA baby names mirror 2008
Summer,girl,,,171,SSA baby names mirror 2008
Santiago,boy,,,171,SSA baby names mirror 2008
Piper,girl,,,172,SSA baby names mirror 2008
Francisco,boy,,,172,SSA baby names mirror 2008
Adrianna,girl,,,173,SSA baby names mirror 2008
Cayden,boy,,,173,SSA baby names mirror 2008
Jillian,girl,,,174,SSA baby names mirror 2008
Shane,boy,,,174,SSA baby names mirror 2008
Sierra,girl,,,175,SSA baby names mirror 2008
Edwin,boy,,,175,SSA baby names mirror 2008
Sienna,girl,,,177,SSA baby names mirror 2008
Hudson,boy,,,176,SSA baby names mirror 2008
Alicia,girl,,,178,SSA baby names mirror 2008
Travis,boy,,,177,SSA baby names mirror 2008
Lila,girl,,,179,SSA baby names mirror 2008
Bryson,boy,,,178,SSA baby names mirror 2008
Margaret,girl,,,180,SSA baby names mirror 2008
Erick,boy,,,179,SSA baby names mirror 2008
Alivia,girl,,,181,SSA baby names mirror 2008
Jace,boy,,,180,SSA baby names mirror 2008
Brooklynn,girl,,,182,SSA baby names mirror 2008
Hector,boy,,,181,SSA baby names mirror 2008
Karen,girl,,,183,SSA baby names mirror 2008
Josue,boy,,,182,SSA baby names mirror 2008
Violet,girl,,,184,SSA baby names mirror 2008
Peter,boy,,,183,SSA baby names mirror 2008
Sabrina,girl,,,185,SSA baby names mirror 2008
Jaylen,boy,,,184,SSA baby names mirror 2008
Stella,girl,,,186,SSA baby names mirror 2008
Mario,boy,,,185,SSA baby names mirror 2008
Aniyah,girl,,,187,SSA baby names mirror 2008
Manuel,boy,,,186,SSA baby names mirror 2008
Annabelle,girl,,,188,SSA baby names mirror 2008
Abraham,boy,,,187,SSA baby names mirror 2008
Alexandria,girl,,,189,SSA baby names mirror 2008
Grayson,boy,,,188,SSA baby names mirror 2008
Kathryn,girl,,,190,SSA baby names mirror 2008
Damien,boy,,,189,SSA baby names mirror 2008
Skylar,girl,,,191,SSA baby names mirror 2008
Kaiden,boy,,,190,SSA baby names mirror 2008
Aliyah,girl,,,192,SSA baby names mirror 2008
Spencer,boy,,,191,SSA baby names mirror 2008
Delilah,girl,,,193,SSA baby names mirror 2008
Stephen,boy,,,192,SSA baby names mirror 2008
Julianna,girl,,,194,SSA baby names mirror 2008
Edgar,boy,,,193,SSA baby names mirror 2008
Kelsey,girl,,,195,SSA baby names mirror 2008
Wesley,boy,,,194,SSA baby names mirror 2008
Khloe,girl,,,196,SSA baby names mirror 2008
Shawn,boy,,,195,SSA baby names mirror 2008
Carly,girl,,,197,SSA baby names mirror 2008
Trenton,boy,,,196,SSA baby names mirror 2008
Amaya,girl,,,198,SSA baby names mirror 2008
Jared,boy,,,197,SSA baby names mirror 2008
Mariana,girl,,,199,SSA baby names mirror 2008
Jeffrey,boy,,,198,SSA baby names mirror 2008
Christina,girl,,,200,SSA baby names mirror 2008
Landen,boy,,,199,SSA baby names mirror 2008
Alondra,girl,,,201,SSA baby names mirror 2008
Johnathan,boy,,,200,SSA baby names mirror 2008
Tessa,girl,,,202,SSA baby names mirror 2008
Bradley,boy,,,201,SSA baby names mirror 2008
Eliana,girl,,,203,SSA baby names mirror 2008
Braxton,boy,,,202,SSA baby names mirror 2008
Bianca,girl,,,204,SSA baby names mirror 2008
Ryder,boy,,,203,SSA baby names mirror 2008
Jazmin,girl,,,205,SSA baby names mirror 2008
Camden,boy,,,204,SSA baby names mirror 2008
Clara,girl,,,206,SSA baby names mirror 2008
Roman,boy,,,205,SSA baby names mirror 2008
Vivian,girl,,,207,SSA baby names mirror 2008
Asher,boy,,,206,SSA baby names mirror 2008
Josephine,girl,,,208,SSA baby names mirror 2008
Brendan,boy,,,207,SSA baby names mirror 2008
Delaney,girl,,,209,SSA baby names mirror 2008
Maddox,boy,,,208,SSA baby names mirror 2008
Scarlett,girl,,,210,SSA baby names mirror 2008
Sergio,boy,,,209,SSA baby names mirror 2008
Elena,girl,,,211,SSA baby names mirror 2008
Israel,boy,,,210,SSA baby names mirror 2008
Cadence,girl,,,212,SSA baby names mirror 2008
Andy,boy,,,211,SSA baby names mirror 2008
Alexia,girl,,,213,SSA baby names mirror 2008
Lincoln,boy,,,212,SSA baby names mirror 2008
Maggie,girl,,,214,SSA baby names mirror 2008
Erik,boy,,,213,SSA baby names mirror 2008
Laura,girl,,,215,SSA baby names mirror 2008
Donovan,boy,,,214,SSA baby names mirror 2008
Nora,girl,,,216,SSA baby names mirror 2008
Raymond,boy,,,215,SSA baby names mirror 2008
Ariel,girl,,,217,SSA baby names mirror 2008
Rylan,boy,,,217,SSA baby names mirror 2008
Elise,girl,,,218,SSA baby names mirror 2008
Dalton,boy,,,218,SSA baby names mirror 2008
Nadia,girl,,,219,SSA baby names mirror 2008
Harrison,boy,,,219,SSA baby names mirror 2008
Mckenna,girl,,,220,SSA baby names mirror 2008
Andre,boy,,,220,SSA baby names mirror 2008
Chelsea,girl,,,221,SSA baby names mirror 2008
Martin,boy,,,221,SSA baby names mirror 2008
Lyla,girl,,,222,SSA baby names mirror 2008
Keegan,boy,,,222,SSA baby names mirror 2008
Alaina,girl,,,223,SSA baby names mirror 2008
Marco,boy,,,223,SSA baby names mirror 2008
Jasmin,girl,,,224,SSA baby names mirror 2008
Jude,boy,,,224,SSA baby names mirror 2008
Hope,girl,,,225,SSA baby names mirror 2008
Sawyer,boy,,,225,SSA baby names mirror 2008
Leila,girl,,,226,SSA baby names mirror 2008
Dakota,boy,,,226,SSA baby names mirror 2008
Caitlyn,girl,,,227,SSA baby names mirror 2008
Leo,boy,,,227,SSA baby names mirror 2008
Cassidy,girl,,,228,SSA baby names mirror 2008
Calvin,boy,,,228,SSA baby names mirror 2008
Makenna,girl,,,229,SSA baby names mirror 2008
Kai,boy,,,229,SSA baby names mirror 2008
Allie,girl,,,230,SSA baby names mirror 2008
Drake,boy,,,230,SSA baby names mirror 2008
Izabella,girl,,,231,SSA baby names mirror 2008
Troy,boy,,,231,SSA baby names mirror 2008
Eden,girl,,,232,SSA baby names mirror 2008
Zion,boy,,,232,SSA baby names mirror 2008
Callie,girl,,,233,SSA baby names mirror 2008
Clayton,boy,,,233,SSA baby names mirror 2008
Haylee,girl,,,234,SSA baby names mirror 2008
Roberto,boy,,,234,SSA baby names mirror 2008
Caitlin,girl,,,235,SSA baby names mirror 2008
Zane,boy,,,235,SSA baby names mirror 2008
Kendra,girl,,,236,SSA baby names mirror 2008
Gregory,boy,,,236,SSA baby names mirror 2008
Karina,girl,,,237,SSA baby names mirror 2008
Tucker,boy,,,237,SSA baby names mirror 2008
Kyra,girl,,,238,SSA baby names mirror 2008
Rafael,boy,,,238,SSA baby names mirror 2008
Kayleigh,girl,,,239,SSA baby names mirror 2008
Kingston,boy,,,239,SSA baby names mirror 2008
Addyson,girl,,,240,SSA baby names mirror 2008
Dominick,boy,,,240,SSA baby names mirror 2008
Kiara,girl,,,241,SSA baby names mirror 2008
Ezekiel,boy,,,241,SSA baby names mirror 2008
Jazmine,girl,,,242,SSA baby names mirror 2008
Griffin,boy,,,242,SSA baby names mirror 2008
Karla,girl,,,243,SSA baby names mirror 2008
Devon,boy,,,243,SSA baby names mirror 2008
Camryn,girl,,,244,SSA baby names mirror 2008
Drew,boy,,,244,SSA baby names mirror 2008
Alina,girl,,,245,SSA baby names mirror 2008
Lukas,boy,,,245,SSA baby names mirror 2008
Lola,girl,,,246,SSA baby names mirror 2008
Johnny,boy,,,246,SSA baby names mirror 2008
Kyla,girl,,,247,SSA baby names mirror 2008
Ty,boy,,,247,SSA baby names mirror 2008
Kelly,girl,,,248,SSA baby names mirror 2008
Pedro,boy,,,248,SSA baby names mirror 2008
Fatima,girl,,,249,SSA baby names mirror 2008
Tyson,boy,,,249,SSA baby names mirror 2008
Tiffany,girl,,,250,SSA baby names mirror 2008
Caiden,boy,,,250,SSA baby names mirror 2008
Kira,girl,,,251,SSA baby names mirror 2008
Mateo,boy,,,251,SSA baby names mirror 2008
Crystal,girl,,,252,SSA baby names mirror 2008
Braylon,boy,,,252,SSA baby names mirror 2008
Mallory,girl,,,253,SSA baby names mirror 2008
Cash,boy,,,253,SSA baby names mirror 2008
Esmeralda,girl,,,254,SSA baby names mirror 2008
Aden,boy,,,254,SSA baby names mirror 2008
Alejandra,girl,,,255,SSA baby names mirror 2008
Chance,boy,,,255,SSA baby names mirror 2008
Eleanor,girl,,,256,SSA baby names mirror 2008
Marcos,boy,,,257,SSA baby names mirror 2008
Angelica,girl,,,257,SSA baby names mirror 2008
Maximus,boy,,,258,SSA baby names mirror 2008
Jayda,girl,,,258,SSA baby names mirror 2008
Ruben,boy,,,259,SSA baby names mirror 2008
Abby,girl,,,259,SSA baby names mirror 2008
Emanuel,boy,,,260,SSA baby names mirror 2008
Kara,girl,,,260,SSA baby names mirror 2008
Simon,boy,,,261,SSA baby names mirror 2008
Veronica,girl,,,261,SSA baby names mirror 2008
Corbin,boy,,,262,SSA baby names mirror 2008
Carmen,girl,,,262,SSA baby names mirror 2008
Brennan,boy,,,263,SSA baby names mirror 2008
Jamie,girl,,,263,SSA baby names mirror 2008
Dillon,boy,,,264,SSA baby names mirror 2008
Ryleigh,girl,,,264,SSA baby names mirror 2008
Skyler,boy,,,265,SSA baby names mirror 2008
Valentina,girl,,,265,SSA baby names mirror 2008
Myles,boy,,,266,SSA baby names mirror 2008
Allyson,girl,,,266,SSA baby names mirror 2008
Xander,boy,,,267,SSA baby names mirror 2008
Kamryn,girl,,,268,SSA baby names mirror 2008
Jaxson,boy,,,268,SSA baby names mirror 2008
Courtney,girl,,,269,SSA baby names mirror 2008
Dawson,boy,,,269,SSA baby names mirror 2008
Cecilia,girl,,,270,SSA baby names mirror 2008
Kameron,boy,,,270,SSA baby names mirror 2008
Madeleine,girl,,,271,SSA baby names mirror 2008
Kyler,boy,,,271,SSA baby names mirror 2008
Aniya,girl,,,272,SSA baby names mirror 2008
Axel,boy,,,272,SSA baby names mirror 2008
Alison,girl,,,273,SSA baby names mirror 2008
Colby,boy,,,273,SSA baby names mirror 2008
Esther,girl,,,274,SSA baby names mirror 2008
Jonas,boy,,,274,SSA baby names mirror 2008
Heaven,girl,,,275,SSA baby names mirror 2008
Joaquin,boy,,,275,SSA baby names mirror 2008
Aubree,girl,,,276,SSA baby names mirror 2008
Brock,boy,,,277,SSA baby names mirror 2008
Lindsey,girl,,,277,SSA baby names mirror 2008
Frank,boy,,,278,SSA baby names mirror 2008
Leilani,girl,,,278,SSA baby names mirror 2008
Enrique,boy,,,279,SSA baby names mirror 2008
Nina,girl,,,279,SSA baby names mirror 2008
Quinn,boy,,,280,SSA baby names mirror 2008
Melody,girl,,,280,SSA baby names mirror 2008
Emilio,boy,,,281,SSA baby names mirror 2008
Macy,girl,,,281,SSA baby names mirror 2008
Malik,boy,,,282,SSA baby names mirror 2008
Ashlynn,girl,,,282,SSA baby names mirror 2008
Grady,boy,,,283,SSA baby names mirror 2008
Joanna,girl,,,283,SSA baby names mirror 2008
Angelo,boy,,,284,SSA baby names mirror 2008
Cassandra,girl,,,284,SSA baby names mirror 2008
Julio,boy,,,285,SSA baby names mirror 2008
Alayna,girl,,,285,SSA baby names mirror 2008
Derrick,boy,,,286,SSA baby names mirror 2008
Kaydence,girl,,,286,SSA baby names mirror 2008
Raul,boy,,,287,SSA baby names mirror 2008
Madilyn,girl,,,287,SSA baby names mirror 2008
Fabian,boy,,,288,SSA baby names mirror 2008
Aurora,girl,,,288,SSA baby names mirror 2008
Corey,boy,,,289,SSA baby names mirror 2008
Heidi,girl,,,289,SSA baby names mirror 2008
Gerardo,boy,,,290,SSA baby names mirror 2008
Emerson,girl,,,290,SSA baby names mirror 2008
Dante,boy,,,291,SSA baby names mirror 2008
Kimora,girl,,,291,SSA baby names mirror 2008
Ezra,boy,,,292,SSA baby names mirror 2008
Madalyn,girl,,,292,SSA baby names mirror 2008
Armando,boy,,,293,SSA baby names mirror 2008
Erica,girl,,,293,SSA baby names mirror 2008
Allen,boy,,,294,SSA baby names mirror 2008
Josie,girl,,,294,SSA baby names mirror 2008
Theodore,boy,,,295,SSA baby names mirror 2008
Katelynn,girl,,,295,SSA baby names mirror 2008
Gael,boy,,,296,SSA baby names mirror 2008
Guadalupe,girl,,,296,SSA baby names mirror 2008
Amir,boy,,,297,SSA baby names mirror 2008
Harper,girl,,,297,SSA baby names mirror 2008
Zander,boy,,,298,SSA baby names mirror 2008
Ivy,girl,,,298,SSA baby names mirror 2008
Adan,boy,,,299,SSA baby names mirror 2008
Lexi,girl,,,299,SSA baby names mirror 2008
Maximilian,boy,,,300,SSA baby names mirror 2008
Camille,girl,,,300,SSA baby names mirror 2008
Randy,boy,,,301,SSA baby names mirror 2008
Savanna,girl,,,301,SSA baby names mirror 2008
Easton,boy,,,302,SSA baby names mirror 2008
Dulce,girl,,,302,SSA baby names mirror 2008
Dustin,boy,,,303,SSA baby names mirror 2008
Daniella,girl,,,303,SSA baby names mirror 2008
Luca,boy,,,304,SSA baby names mirror 2008
Lucia,girl,,,304,SSA baby names mirror 2008
Phillip,boy,,,305,SSA baby names mirror 2008
Emely,girl,,,305,SSA baby names mirror 2008
Julius,boy,,,306,SSA baby names mirror 2008
Joselyn,girl,,,306,SSA baby names mirror 2008
Charlie,boy,,,307,SSA baby names mirror 2008
Kiley,girl,,,307,SSA baby names mirror 2008
Ronald,boy,,,308,SSA baby names mirror 2008
Kailey,girl,,,308,SSA baby names mirror 2008
Jakob,boy,,,309,SSA baby names mirror 2008
Miriam,girl,,,309,SSA baby names mirror 2008
Cade,boy,,,310,SSA baby names mirror 2008
Cynthia,girl,,,310,SSA baby names mirror 2008
Brett,boy,,,311,SSA baby names mirror 2008
Rihanna,girl,,,311,SSA baby names mirror 2008
Trent,boy,,,312,SSA baby names mirror 2008
Georgia,girl,,,312,SSA baby names mirror 2008
Silas,boy,,,313,SSA baby names mirror 2008
Rylie,girl,,,313,SSA baby names mirror 2008
Keith,boy,,,314,SSA baby names mirror 2008
Harmony,girl,,,314,SSA baby names mirror 2008
Emiliano,boy,,,315,SSA baby names mirror 2008
Kiera,girl,,,315,SSA baby names mirror 2008
Trey,boy,,,316,SSA baby names mirror 2008
Kyleigh,girl,,,316,SSA baby names mirror 2008
Jalen,boy,,,317,SSA baby names mirror 2008
Monica,girl,,,317,SSA baby names mirror 2008
Darius,boy,,,318,SSA baby names mirror 2008
Bethany,girl,,,318,SSA baby names mirror 2008
Lane,boy,,,319,SSA baby names mirror 2008
Kaylie,girl,,,319,SSA baby names mirror 2008
Jerry,boy,,,320,SSA baby names mirror 2008
Teagan,girl,,,321,SSA baby names mirror 2008
Jaime,boy,,,321,SSA baby names mirror 2008
Cora,girl,,,322,SSA baby names mirror 2008
Scott,boy,,,322,SSA baby names mirror 2008
Brynn,girl,,,323,SSA baby names mirror 2008
Graham,boy,,,323,SSA baby names mirror 2008
Ciara,girl,,,324,SSA baby names mirror 2008
Weston,boy,,,324,SSA baby names mirror 2008
Genevieve,girl,,,325,SSA baby names mirror 2008
Braydon,boy,,,325,SSA baby names mirror 2008
Alice,girl,,,326,SSA baby names mirror 2008
Anderson,boy,,,326,SSA baby names mirror 2008
Maddison,girl,,,327,SSA baby names mirror 2008
Rodrigo,boy,,,327,SSA baby names mirror 2008
Eliza,girl,,,328,SSA baby names mirror 2008
Pablo,boy,,,328,SSA baby names mirror 2008
Tatiana,girl,,,329,SSA baby names mirror 2008
Saul,boy,,,329,SSA baby names mirror 2008
Jaelyn,girl,,,330,SSA baby names mirror 2008
Danny,boy,,,330,SSA baby names mirror 2008
Erika,girl,,,331,SSA baby names mirror 2008
Donald,boy,,,331,SSA baby names mirror 2008
Ximena,girl,,,332,SSA baby names mirror 2008
Elliot,boy,,,332,SSA baby names mirror 2008
April,girl,,,333,SSA baby names mirror 2008
Brayan,boy,,,333,SSA baby names mirror 2008
Marely,girl,,,334,SSA baby names mirror 2008
Dallas,boy,,,334,SSA baby names mirror 2008
Julie,girl,,,335,SSA baby names mirror 2008
Lorenzo,boy,,,335,SSA baby names mirror 2008
Danica,girl,,,336,SSA baby names mirror 2008
Casey,boy,,,336,SSA baby names mirror 2008
Presley,girl,,,337,SSA baby names mirror 2008
Mitchell,boy,,,337,SSA baby names mirror 2008
Brielle,girl,,,338,SSA baby names mirror 2008
Alberto,boy,,,338,SSA baby names mirror 2008
Julissa,girl,,,339,SSA baby names mirror 2008
Tristen,boy,,,339,SSA baby names mirror 2008
Angie,girl,,,340,SSA baby names mirror 2008
Rowan,boy,,,340,SSA baby names mirror 2008
Iris,girl,,,341,SSA baby names mirror 2008
Jayson,boy,,,341,SSA baby names mirror 2008
Brenda,girl,,,342,SSA baby names mirror 2008
Gustavo,boy,,,342,SSA baby names mirror 2008
Hazel,girl,,,343,SSA baby names mirror 2008
Aaden,boy,,,343,SSA baby names mirror 2008
Rose,girl,,,344,SSA baby names mirror 2008
Amari,boy,,,344,SSA baby names mirror 2008
Malia,girl,,,345,SSA baby names mirror 2008
Dean,boy,,,345,SSA baby names mirror 2008
Shayla,girl,,,346,SSA baby names mirror 2008
Braeden,boy,,,346,SSA baby names mirror 2008
Fiona,girl,,,347,SSA baby names mirror 2008
Declan,boy,,,347,SSA baby names mirror 2008
Phoebe,girl,,,348,SSA baby names mirror 2008
Chris,boy,,,348,SSA baby names mirror 2008
Nayeli,girl,,,349,SSA baby names mirror 2008
Ismael,boy,,,349,SSA baby names mirror 2008
Paola,girl,,,350,SSA baby names mirror 2008
Dane,boy,,,350,SSA baby names mirror 2008
Kaelyn,girl,,,351,SSA baby names mirror 2008
Louis,boy,,,351,SSA baby names mirror 2008
Selena,girl,,,352,SSA baby names mirror 2008
Arturo,boy,,,352,SSA baby names mirror 2008
Audrina,girl,,,353,SSA baby names mirror 2008
Brenden,boy,,,353,SSA baby names mirror 2008
Rebekah,girl,,,354,SSA baby names mirror 2008
Felix,boy,,,354,SSA baby names mirror 2008
Carolina,girl,,,355,SSA baby names mirror 2008
Jimmy,boy,,,355,SSA baby names mirror 2008
Janiyah,girl,,,356,SSA baby names mirror 2008
Cohen,boy,,,356,SSA baby names mirror 2008
Michaela,girl,,,357,SSA baby names mirror 2008
Tony,boy,,,357,SSA baby names mirror 2008
Penelope,girl,,,358,SSA baby names mirror 2008
Holden,boy,,,358,SSA baby names mirror 2008
Janiya,girl,,,359,SSA baby names mirror 2008
Reid,boy,,,359,SSA baby names mirror 2008
Anastasia,girl,,,360,SSA baby names mirror 2008
Abel,boy,,,360,SSA baby names mirror 2008
Adeline,girl,,,361,SSA baby names mirror 2008
Bennett,boy,,,361,SSA baby names mirror 2008
Ruth,girl,,,362,SSA baby names mirror 2008
Zackary,boy,,,362,SSA baby names mirror 2008
Sasha,girl,,,363,SSA baby names mirror 2008
Arthur,boy,,,363,SSA baby names mirror 2008
Denise,girl,,,364,SSA baby names mirror 2008
Nehemiah,boy,,,364,SSA baby names mirror 2008
Holly,girl,,,365,SSA baby names mirror 2008
Ricky,boy,,,365,SSA baby names mirror 2008
Madisyn,girl,,,366,SSA baby names mirror 2008
Esteban,boy,,,366,SSA baby names mirror 2008
Hanna,girl,,,367,SSA baby names mirror 2008
Cruz,boy,,,367,SSA baby names mirror 2008
Tatum,girl,,,368,SSA baby names mirror 2008
Finn,boy,,,368,SSA baby names mirror 2008
Marlee,girl,,,369,SSA baby names mirror 2008
Mauricio,boy,,,369,SSA baby names mirror 2008
Nataly,girl,,,370,SSA baby names mirror 2008
Dennis,boy,,,370,SSA baby names mirror 2008
Helen,girl,,,371,SSA baby names mirror 2008
Keaton,boy,,,371,SSA baby names mirror 2008
Janelle,girl,,,372,SSA baby names mirror 2008
Albert,boy,,,372,SSA baby names mirror 2008
Lizbeth,girl,,,373,SSA baby names mirror 2008
Marvin,boy,,,373,SSA baby names mirror 2008
Serena,girl,,,374,SSA baby names mirror 2008
Mathew,boy,,,374,SSA baby names mirror 2008
Anya,girl,,,375,SSA baby names mirror 2008
Larry,boy,,,375,SSA baby names mirror 2008
Jaslene,girl,,,376,SSA baby names mirror 2008
Moises,boy,,,376,SSA baby names mirror 2008
Kaylin,girl,,,377,SSA baby names mirror 2008
Issac,boy,,,377,SSA baby names mirror 2008
Jazlyn,girl,,,378,SSA baby names mirror 2008
Philip,boy,,,378,SSA baby names mirror 2008
Nancy,girl,,,379,SSA baby names mirror 2008
Quentin,boy,,,379,SSA baby names mirror 2008
Lindsay,girl,,,380,SSA baby names mirror 2008
Curtis,boy,,,380,SSA baby names mirror 2008
Desiree,girl,,,381,SSA baby names mirror 2008
Greyson,boy,,,381,SSA baby names mirror 2008
Hayley,girl,,,382,SSA baby names mirror 2008
Jameson,boy,,,382,SSA baby names mirror 2008
Itzel,girl,,,383,SSA baby names mirror 2008
Everett,boy,,,383,SSA baby names mirror 2008
Imani,girl,,,384,SSA baby names mirror 2008
Jayce,boy,,,384,SSA baby names mirror 2008
Madelynn,girl,,,385,SSA baby names mirror 2008
Darren,boy,,,385,SSA baby names mirror 2008
Asia,girl,,,386,SSA baby names mirror 2008
Elliott,boy,,,386,SSA baby names mirror 2008
Kadence,girl,,,387,SSA baby names mirror 2008
Uriel,boy,,,387,SSA baby names mirror 2008
Madyson,girl,,,388,SSA baby names mirror 2008
Alfredo,boy,,,388,SSA baby names mirror 2008
Talia,girl,,,389,SSA baby names mirror 2008
Hugo,boy,,,389,SSA baby names mirror 2008
Jane,girl,,,390,SSA baby names mirror 2008
Alec,boy,,,390,SSA baby names mirror 2008
Annie,girl,,,392,SSA baby names mirror 2008
Jamari,boy,,,391,SSA baby names mirror 2008
Bridget,girl,,,394,SSA baby names mirror 2008
Marshall,boy,,,392,SSA baby names mirror 2008
Raegan,girl,,,395,SSA baby names mirror 2008
Walter,boy,,,393,SSA baby names mirror 2008
Jadyn,girl,,,396,SSA baby names mirror 2008
Judah,boy,,,394,SSA baby names mirror 2008
Celeste,girl,,,397,SSA baby names mirror 2008
Jay,boy,,,395,SSA baby names mirror 2008
Jimena,girl,,,398,SSA baby names mirror 2008
Lance,boy,,,396,SSA baby names mirror 2008
Luna,girl,,,399,SSA baby names mirror 2008
Beau,boy,,,397,SSA baby names mirror 2008
Yasmin,girl,,,400,SSA baby names mirror 2008
Ali,boy,,,398,SSA baby names mirror 2008
Emilia,girl,,,401,SSA baby names mirror 2008
Landyn,boy,,,399,SSA baby names mirror 2008
Annika,girl,,,402,SSA baby names mirror 2008
Yahir,boy,,,400,SSA baby names mirror 2008
Estrella,girl,,,403,SSA baby names mirror 2008
Phoenix,boy,,,401,SSA baby names mirror 2008
Sarai,girl,,,404,SSA baby names mirror 2008
Nickolas,boy,,,402,SSA baby names mirror 2008
Lacey,girl,,,405,SSA baby names mirror 2008
Kobe,boy,,,403,SSA baby names mirror 2008
Ayla,girl,,,406,SSA baby names mirror 2008
Bryant,boy,,,404,SSA baby names mirror 2008
Alessandra,girl,,,407,SSA baby names mirror 2008
Maurice,boy,,,405,SSA baby names mirror 2008
Willow,girl,,,408,SSA baby names mirror 2008
Russell,boy,,,406,SSA baby names mirror 2008
Nyla,girl,,,409,SSA baby names mirror 2008
Leland,boy,,,407,SSA baby names mirror 2008
Dayana,girl,,,410,SSA baby names mirror 2008
Colten,boy,,,408,SSA baby names mirror 2008
Lilah,girl,,,411,SSA baby names mirror 2008
Reed,boy,,,409,SSA baby names mirror 2008
Lilliana,girl,,,412,SSA baby names mirror 2008
Davis,boy,,,410,SSA baby names mirror 2008
Natasha,girl,,,413,SSA baby names mirror 2008
Joe,boy,,,411,SSA baby names mirror 2008
Hadley,girl,,,414,SSA baby names mirror 2008
Ernesto,boy,,,412,SSA baby names mirror 2008
Harley,girl,,,415,SSA baby names mirror 2008
Desmond,boy,,,413,SSA baby names mirror 2008
Priscilla,girl,,,416,SSA baby names mirror 2008
Kade,boy,,,414,SSA baby names mirror 2008
Claudia,girl,,,417,SSA baby names mirror 2008
Reece,boy,,,415,SSA baby names mirror 2008
Allisson,girl,,,418,SSA baby names mirror 2008
Ramon,boy,,,417,SSA baby names mirror 2008
Baylee,girl,,,419,SSA baby names mirror 2008
Rocco,boy,,,418,SSA baby names mirror 2008
Brenna,girl,,,420,SSA baby names mirror 2008
Orlando,boy,,,419,SSA baby names mirror 2008
Brittany,girl,,,421,SSA baby names mirror 2008
Ryker,boy,,,420,SSA baby names mirror 2008
Fernanda,girl,,,423,SSA baby names mirror 2008
Brodie,boy,,,421,SSA baby names mirror 2008
Danna,girl,,,424,SSA baby names mirror 2008
Paxton,boy,,,422,SSA baby names mirror 2008
Melany,girl,,,425,SSA baby names mirror 2008
Jacoby,boy,,,423,SSA baby names mirror 2008
Cali,girl,,,426,SSA baby names mirror 2008
Douglas,boy,,,424,SSA baby names mirror 2008
Lia,girl,,,427,SSA baby names mirror 2008
Kristopher,boy,,,425,SSA baby names mirror 2008
Macie,girl,,,428,SSA baby names mirror 2008
Gary,boy,,,426,SSA baby names mirror 2008
Lyric,girl,,,429,SSA baby names mirror 2008
Lawrence,boy,,,427,SSA baby names mirror 2008
Gloria,girl,,,431,SSA baby names mirror 2008
Izaiah,boy,,,428,SSA baby names mirror 2008
Lana,girl,,,432,SSA baby names mirror 2008
Solomon,boy,,,429,SSA baby names mirror 2008
Mylee,girl,,,433,SSA baby names mirror 2008
Nikolas,boy,,,430,SSA baby names mirror 2008
Cindy,girl,,,434,SSA baby names mirror 2008
Mekhi,boy,,,431,SSA baby names mirror 2008
Lilian,girl,,,435,SSA baby names mirror 2008
Justice,boy,,,432,SSA baby names mirror 2008
Amira,girl,,,436,SSA baby names mirror 2008
Tate,boy,,,433,SSA baby names mirror 2008
Anahi,girl,,,437,SSA baby names mirror 2008
Jaydon,boy,,,434,SSA baby names mirror 2008
Alissa,girl,,,438,SSA baby names mirror 2008
Salvador,boy,,,435,SSA baby names mirror 2008
Anaya,girl,,,439,SSA baby names mirror 2008
Shaun,boy,,,436,SSA baby names mirror 2008
Lena,girl,,,440,SSA baby names mirror 2008
Alvin,boy,,,437,SSA baby names mirror 2008
Ainsley,girl,,,441,SSA baby names mirror 2008
Eddie,boy,,,438,SSA baby names mirror 2008
Sandra,girl,,,442,SSA baby names mirror 2008
Kane,boy,,,439,SSA baby names mirror 2008
Noelle,girl,,,443,SSA baby names mirror 2008
Davion,boy,,,440,SSA baby names mirror 2008
Marisol,girl,,,444,SSA baby names mirror 2008
Zachariah,boy,,,441,SSA baby names mirror 2008
Meredith,girl,,,445,SSA baby names mirror 2008
Dorian,boy,,,442,SSA baby names mirror 2008
Kailyn,girl,,,446,SSA baby names mirror 2008
Titus,boy,,,443,SSA baby names mirror 2008
Lesly,girl,,,447,SSA baby names mirror 2008
Kellen,boy,,,444,SSA baby names mirror 2008
Johanna,girl,,,448,SSA baby names mirror 2008
Camron,boy,,,445,SSA baby names mirror 2008
Diamond,girl,,,449,SSA baby names mirror 2008
Isiah,boy,,,446,SSA baby names mirror 2008
Evangeline,girl,,,450,SSA baby names mirror 2008
Javon,boy,,,447,SSA baby names mirror 2008
Juliet,girl,,,451,SSA baby names mirror 2008
Nasir,boy,,,448,SSA baby names mirror 2008
Kathleen,girl,,,452,SSA baby names mirror 2008
Milo,boy,,,449,SSA baby names mirror 2008
Meghan,girl,,,453,SSA baby names mirror 2008
Johan,boy,,,450,SSA baby names mirror 2008
Paisley,girl,,,454,SSA baby names mirror 2008
Byron,boy,,,451,SSA baby names mirror 2008
Athena,girl,,,455,SSA baby names mirror 2008
Jasper,boy,,,452,SSA baby names mirror 2008
Hailee,girl,,,456,SSA baby names mirror 2008
Jonathon,boy,,,453,SSA baby names mirror 2008
Rosa,girl,,,457,SSA baby names mirror 2008
Chad,boy,,,454,SSA baby names mirror 2008
Wendy,girl,,,458,SSA baby names mirror 2008
Marc,boy,,,455,SSA baby names mirror 2008
Emilee,girl,,,459,SSA baby names mirror 2008
Kelvin,boy,,,456,SSA baby names mirror 2008
Sage,girl,,,460,SSA baby names mirror 2008
Chandler,boy,,,457,SSA baby names mirror 2008
Alanna,girl,,,461,SSA baby names mirror 2008
Sam,boy,,,458,SSA baby names mirror 2008
Elaina,girl,,,462,SSA baby names mirror 2008
Cory,boy,,,459,SSA baby names mirror 2008
Cara,girl,,,463,SSA baby names mirror 2008
Deandre,boy,,,460,SSA baby names mirror 2008
Nia,girl,,,464,SSA baby names mirror 2008
River,boy,,,461,SSA baby names mirror 2008
Paris,girl,,,465,SSA baby names mirror 2008
Roger,boy,,,463,SSA baby names mirror 2008
Dana,girl,,,467,SSA baby names mirror 2008
Quinton,boy,,,464,SSA baby names mirror 2008
Emery,girl,,,468,SSA baby names mirror 2008
Talon,boy,,,465,SSA baby names mirror 2008
Aubrie,girl,,,470,SSA baby names mirror 2008
Romeo,boy,,,466,SSA baby names mirror 2008
Kaitlin,girl,,,471,SSA baby names mirror 2008
Franklin,boy,,,467,SSA baby names mirror 2008
Kenzie,girl,,,473,SSA baby names mirror 2008
Noel,boy,,,468,SSA baby names mirror 2008
Kiana,girl,,,474,SSA baby names mirror 2008
Alijah,boy,,,469,SSA baby names mirror 2008
Viviana,girl,,,475,SSA baby names mirror 2008
Guillermo,boy,,,470,SSA baby names mirror 2008
Norah,girl,,,476,SSA baby names mirror 2008
Gunner,boy,,,471,SSA baby names mirror 2008
Lauryn,girl,,,477,SSA baby names mirror 2008
Damon,boy,,,472,SSA baby names mirror 2008
Perla,girl,,,478,SSA baby names mirror 2008
Jadon,boy,,,473,SSA baby names mirror 2008
Amiyah,girl,,,479,SSA baby names mirror 2008
Micheal,boy,,,475,SSA baby names mirror 2008
Alyson,girl,,,480,SSA baby names mirror 2008
Bruce,boy,,,476,SSA baby names mirror 2008
Rachael,girl,,,481,SSA baby names mirror 2008
Terry,boy,,,477,SSA baby names mirror 2008
Shannon,girl,,,482,SSA baby names mirror 2008
Kolton,boy,,,478,SSA baby names mirror 2008
Aileen,girl,,,483,SSA baby names mirror 2008
Melvin,boy,,,479,SSA baby names mirror 2008
Miracle,girl,,,484,SSA baby names mirror 2008
Beckett,boy,,,480,SSA baby names mirror 2008
Lillie,girl,,,485,SSA baby names mirror 2008
Porter,boy,,,481,SSA baby names mirror 2008
Danika,girl,,,486,SSA baby names mirror 2008
August,boy,,,482,SSA baby names mirror 2008
Heather,girl,,,487,SSA baby names mirror 2008
Brycen,boy,,,483,SSA baby names mirror 2008
Kassidy,girl,,,488,SSA baby names mirror 2008
Dayton,boy,,,484,SSA baby names mirror 2008
Taryn,girl,,,489,SSA baby names mirror 2008
Jamarion,boy,,,485,SSA baby names mirror 2008
Tori,girl,,,490,SSA baby names mirror 2008
Leonel,boy,,,486,SSA baby names mirror 2008
Francesca,girl,,,491,SSA baby names mirror 2008
Karson,boy,,,487,SSA baby names mirror 2008
Kristen,girl,,,492,SSA baby names mirror 2008
Zayden,boy,,,488,SSA baby names mirror 2008
Amya,girl,,,493,SSA baby names mirror 2008
Keagan,boy,,,489,SSA baby names mirror 2008
Elle,girl,,,494,SSA baby names mirror 2008
Carl,boy,,,490,SSA baby names mirror 2008
Kristina,girl,,,495,SSA baby names mirror 2008
Khalil,boy,,,491,SSA baby names mirror 2008
Cheyanne,girl,,,496,SSA baby names mirror 2008
Cristopher,boy,,,492,SSA baby names mirror 2008
Haylie,girl,,,497,SSA baby names mirror 2008
Nelson,boy,,,493,SSA baby names mirror 2008
Patricia,girl,,,498,SSA baby names mirror 2008
Braiden,boy,,,494,SSA baby names mirror 2008
Anne,girl,,,499,SSA baby names mirror 2008
Moses,boy,,,495,SSA baby names mirror 2008
Samara,girl,,,500,SSA baby names mirror 2008
Isaias,boy,,,496,SSA baby names mirror 2008
Skye,girl,,,501,SSA baby names mirror 2008
Roy,boy,,,497,SSA baby names mirror 2008
Kali,girl,,,502,SSA baby names mirror 2008
Triston,boy,,,498,SSA baby names mirror 2008
America,girl,,,503,SSA baby names mirror 2008
Walker,boy,,,499,SSA baby names mirror 2008
Lexie,girl,,,504,SSA baby names mirror 2008
Kale,boy,,,500,SSA baby names mirror 2008
Halle,girl,,,506,SSA baby names mirror 2008
Jermaine,boy,,,501,SSA baby names mirror 2008
Londyn,girl,,,507,SSA baby names mirror 2008
Leon,boy,,,502,SSA baby names mirror 2008
Abbigail,girl,,,508,SSA baby names mirror 2008
Rodney,boy,,,503,SSA baby names mirror 2008
Linda,girl,,,509,SSA baby names mirror 2008
Kristian,boy,,,504,SSA baby names mirror 2008
Hallie,girl,,,510,SSA baby names mirror 2008
Mohamed,boy,,,505,SSA baby names mirror 2008
Saniya,girl,,,511,SSA baby names mirror 2008
Ronan,boy,,,506,SSA baby names mirror 2008
Bryanna,girl,,,512,SSA baby names mirror 2008
Pierce,boy,,,507,SSA baby names mirror 2008
Bailee,girl,,,513,SSA baby names mirror 2008
Trace,boy,,,508,SSA baby names mirror 2008
Jaylynn,girl,,,514,SSA baby names mirror 2008
Warren,boy,,,509,SSA baby names mirror 2008
